{
  "accuracy": 0.875,
  "confusion_matrix": [
    [
      8,
      0
    ],
    [
      2,
      6
    ]
  ],
  "classification_report": {
    "0": {
      "precision": 0.8,
      "recall": 1.0,
      "f1-score": 0.8888888888888888,
      "support": 8.0
    },
    "1": {
      "precision": 1.0,
      "recall": 0.75,
      "f1-score": 0.8571428571428571,
      "support": 8.0
    },
    "accuracy": 0.875,
    "macro avg": {
      "precision": 0.9,
      "recall": 0.875,
      "f1-score": 0.873015873015873,
      "support": 16.0
    },
    "weighted avg": {
      "precision": 0.9,
      "recall": 0.875,
      "f1-score": 0.873015873015873,
      "support": 16.0
    }
  },
  "threshold": 0.5855646491127162
}